-- phpMyAdmin SQL Dump
-- version 4.5.1
-- http://www.phpmyadmin.net
--
-- Host: 127.0.0.1
-- Generation Time: 29 Mar 2019 pada 07.52
-- Versi Server: 10.1.13-MariaDB
-- PHP Version: 5.6.23

SET SQL_MODE = "NO_AUTO_VALUE_ON_ZERO";
SET time_zone = "+00:00";


/*!40101 SET @OLD_CHARACTER_SET_CLIENT=@@CHARACTER_SET_CLIENT */;
/*!40101 SET @OLD_CHARACTER_SET_RESULTS=@@CHARACTER_SET_RESULTS */;
/*!40101 SET @OLD_COLLATION_CONNECTION=@@COLLATION_CONNECTION */;
/*!40101 SET NAMES utf8mb4 */;

--
-- Database: `db_mfepwp`
--

-- --------------------------------------------------------

--
-- Struktur dari tabel `calon`
--

CREATE TABLE `calon` (
  `id_calon` int(11) NOT NULL,
  `Nama` varchar(100) NOT NULL,
  `created_at` timestamp NOT NULL DEFAULT CURRENT_TIMESTAMP ON UPDATE CURRENT_TIMESTAMP,
  `updated_at` timestamp NOT NULL DEFAULT '0000-00-00 00:00:00'
) ENGINE=InnoDB DEFAULT CHARSET=latin1;

--
-- Dumping data untuk tabel `calon`
--

INSERT INTO `calon` (`id_calon`, `Nama`, `created_at`, `updated_at`) VALUES
(51, 'Hasbullah', '2019-03-18 09:29:47', '2019-03-18 09:29:47'),
(52, 'Aspian', '2019-03-18 09:31:44', '2019-03-18 09:31:44'),
(53, 'Paizal aziz', '2019-03-18 10:28:51', '2019-03-18 10:28:51'),
(73, 'Amir Hamzah', '2019-03-29 02:31:42', '2019-03-29 02:31:42'),
(74, 'Kunan', '2019-03-29 02:32:34', '2019-03-29 02:32:34'),
(75, 'Samsir Alam', '2019-03-29 02:37:48', '2019-03-29 02:37:48'),
(76, 'Muhammad eban', '2019-03-29 02:38:50', '2019-03-29 02:38:50'),
(77, 'Yunani', '2019-03-29 02:39:42', '2019-03-29 02:39:42'),
(78, 'Ahmad sobki', '2019-03-29 02:40:28', '2019-03-29 02:40:28'),
(79, 'Dede yusri', '2019-03-29 02:42:08', '2019-03-29 02:42:08'),
(80, 'Muhammad suhai', '2019-03-29 02:42:59', '2019-03-29 02:42:59'),
(81, 'Muhammad kumpi', '2019-03-29 02:43:45', '2019-03-29 02:43:45'),
(82, 'Hoiri mz', '2019-03-29 02:44:39', '2019-03-29 02:44:39'),
(83, 'Mat bujangan', '2019-03-29 02:45:28', '2019-03-29 02:45:28'),
(84, 'Husin p', '2019-03-29 02:46:13', '2019-03-29 02:46:13'),
(85, 'Mat ripan s', '2019-03-29 02:47:05', '2019-03-29 02:47:05'),
(86, 'Baharudin', '2019-03-29 02:47:51', '2019-03-29 02:47:51'),
(92, 'Asbianto', '2019-03-29 02:59:43', '2019-03-29 02:59:43'),
(93, 'Ahmad saihoni', '2019-03-29 03:01:22', '2019-03-29 03:01:22'),
(97, 'Amaludin', '2019-03-29 03:15:42', '2019-03-29 03:15:42'),
(98, 'Nawaludin', '2019-03-29 04:49:06', '2019-03-29 04:49:06'),
(99, 'Ahmad nelni', '2019-03-29 04:50:02', '2019-03-29 04:50:02'),
(100, 'Bahroni', '2019-03-29 04:50:47', '2019-03-29 04:50:47'),
(101, 'Mat suhai', '2019-03-29 06:20:19', '2019-03-29 06:20:19'),
(102, 'Mad nali', '2019-03-29 06:21:35', '2019-03-29 06:21:35'),
(103, 'Ahmad rifani', '2019-03-29 06:23:33', '2019-03-29 06:23:33'),
(104, 'Saironi', '2019-03-29 06:24:15', '2019-03-29 06:24:15'),
(105, 'Muhamad nasri', '2019-03-29 06:24:58', '2019-03-29 06:24:58'),
(106, 'Mursalin', '2019-03-29 06:25:42', '2019-03-29 06:25:42'),
(107, 'Ahmadin', '2019-03-29 06:26:25', '2019-03-29 06:26:25'),
(108, 'M jamil mk', '2019-03-29 06:27:07', '2019-03-29 06:27:07'),
(109, 'Rusmalina', '2019-03-29 06:27:57', '2019-03-29 06:27:57'),
(110, 'Sarmadi am', '2019-03-29 06:28:45', '2019-03-29 06:28:45'),
(111, 'Mad sete''i', '2019-03-29 06:29:41', '2019-03-29 06:29:41'),
(112, 'Surimna', '2019-03-29 06:30:28', '2019-03-29 06:30:28'),
(113, 'Yudin', '2019-03-29 06:31:17', '2019-03-29 06:31:17'),
(114, 'Siti noriyam', '2019-03-29 06:32:09', '2019-03-29 06:32:09'),
(115, 'Hoirul', '2019-03-29 06:32:57', '2019-03-29 06:32:57'),
(116, 'Raga', '2019-03-29 06:33:39', '2019-03-29 06:33:39'),
(117, 'Raisen', '2019-03-29 06:34:21', '2019-03-29 06:34:21'),
(118, 'Amer', '2019-03-29 06:35:07', '2019-03-29 06:35:07'),
(119, 'Azmar Ar', '2019-03-29 06:35:51', '2019-03-29 06:35:51'),
(120, 'Beben ta cesha', '2019-03-29 06:36:48', '2019-03-29 06:36:48'),
(121, 'Ayopin jansens', '2019-03-29 06:37:25', '2019-03-29 06:37:25'),
(122, 'Taklano', '2019-03-29 06:38:12', '2019-03-29 06:38:12');

-- --------------------------------------------------------

--
-- Struktur dari tabel `data_calon`
--

CREATE TABLE `data_calon` (
  `id_data_calon` int(11) NOT NULL,
  `id_calon` int(11) NOT NULL,
  `id_kriteria` int(11) NOT NULL,
  `id_faktor` int(11) NOT NULL,
  `real_value` varchar(100) NOT NULL,
  `created_at` timestamp NOT NULL DEFAULT CURRENT_TIMESTAMP ON UPDATE CURRENT_TIMESTAMP,
  `updated_at` timestamp NOT NULL DEFAULT '0000-00-00 00:00:00'
) ENGINE=InnoDB DEFAULT CHARSET=latin1;

--
-- Dumping data untuk tabel `data_calon`
--

INSERT INTO `data_calon` (`id_data_calon`, `id_calon`, `id_kriteria`, `id_faktor`, `real_value`, `created_at`, `updated_at`) VALUES
(173, 51, 14, 22, ' Petani ', '2019-03-18 09:29:49', '0000-00-00 00:00:00'),
(174, 51, 15, 21, 'Papan', '2019-03-18 09:29:49', '0000-00-00 00:00:00'),
(175, 51, 17, 27, 'Milik sendiri (tanpa subsidi)', '2019-03-18 09:29:49', '0000-00-00 00:00:00'),
(176, 51, 19, 36, '4', '2019-03-18 09:29:49', '0000-00-00 00:00:00'),
(177, 51, 20, 40, 'Milik Sendiri', '2019-03-18 09:29:49', '0000-00-00 00:00:00'),
(178, 51, 21, 32, '1500000', '2019-03-18 09:29:49', '0000-00-00 00:00:00'),
(179, 51, 22, 47, 'Panggung', '2019-03-18 09:29:49', '0000-00-00 00:00:00'),
(180, 52, 14, 26, 'Buruh', '2019-03-18 09:31:46', '0000-00-00 00:00:00'),
(181, 52, 15, 21, 'Papan', '2019-03-18 09:31:46', '0000-00-00 00:00:00'),
(182, 52, 17, 24, ' Milik Sendiri (subsidi) ', '2019-03-18 09:31:46', '0000-00-00 00:00:00'),
(183, 52, 19, 36, '3', '2019-03-18 09:31:46', '0000-00-00 00:00:00'),
(184, 52, 20, 40, 'Milik Sendiri', '2019-03-18 09:31:46', '0000-00-00 00:00:00'),
(185, 52, 21, 34, '800000', '2019-03-29 02:14:07', '0000-00-00 00:00:00'),
(186, 52, 22, 47, 'Panggung', '2019-03-18 09:31:46', '0000-00-00 00:00:00'),
(187, 53, 14, 16, 'Wirausaha', '2019-03-18 10:28:52', '0000-00-00 00:00:00'),
(188, 53, 15, 25, 'Beton', '2019-03-18 10:28:52', '0000-00-00 00:00:00'),
(189, 53, 17, 27, 'Milik sendiri (tanpa subsidi)', '2019-03-18 10:28:52', '0000-00-00 00:00:00'),
(190, 53, 19, 30, '8', '2019-03-18 10:28:52', '0000-00-00 00:00:00'),
(191, 53, 20, 40, 'Milik Sendiri', '2019-03-18 10:28:52', '0000-00-00 00:00:00'),
(192, 53, 21, 33, '1300000', '2019-03-18 10:28:52', '0000-00-00 00:00:00'),
(193, 53, 22, 45, 'Permanen', '2019-03-18 10:28:52', '0000-00-00 00:00:00'),
(327, 73, 14, 16, 'Wirausaha', '2019-03-29 02:31:42', '0000-00-00 00:00:00'),
(328, 73, 15, 21, 'Papan', '2019-03-29 02:31:42', '0000-00-00 00:00:00'),
(329, 73, 17, 27, 'Milik sendiri (tanpa subsidi)', '2019-03-29 02:31:42', '0000-00-00 00:00:00'),
(330, 73, 19, 36, '3', '2019-03-29 02:31:42', '0000-00-00 00:00:00'),
(331, 73, 20, 40, 'Milik Sendiri', '2019-03-29 02:31:42', '0000-00-00 00:00:00'),
(332, 73, 21, 32, '1400000', '2019-03-29 02:31:42', '0000-00-00 00:00:00'),
(333, 73, 22, 47, 'Panggung', '2019-03-29 02:31:42', '0000-00-00 00:00:00'),
(334, 74, 14, 22, ' Petani ', '2019-03-29 02:32:34', '0000-00-00 00:00:00'),
(335, 74, 15, 21, 'Papan', '2019-03-29 02:32:34', '0000-00-00 00:00:00'),
(336, 74, 17, 27, 'Milik sendiri (tanpa subsidi)', '2019-03-29 02:32:34', '0000-00-00 00:00:00'),
(337, 74, 19, 36, '3', '2019-03-29 02:32:34', '0000-00-00 00:00:00'),
(338, 74, 20, 40, 'Milik Sendiri', '2019-03-29 02:32:34', '0000-00-00 00:00:00'),
(339, 74, 21, 32, '1500000', '2019-03-29 02:32:34', '0000-00-00 00:00:00'),
(340, 74, 22, 47, 'Panggung', '2019-03-29 02:32:34', '0000-00-00 00:00:00'),
(341, 75, 14, 22, ' Petani ', '2019-03-29 02:37:48', '0000-00-00 00:00:00'),
(342, 75, 15, 25, 'Beton', '2019-03-29 02:37:48', '0000-00-00 00:00:00'),
(343, 75, 17, 27, 'Milik sendiri (tanpa subsidi)', '2019-03-29 02:37:48', '0000-00-00 00:00:00'),
(344, 75, 19, 30, '6', '2019-03-29 02:37:48', '0000-00-00 00:00:00'),
(345, 75, 20, 40, 'Milik Sendiri', '2019-03-29 02:37:48', '0000-00-00 00:00:00'),
(346, 75, 21, 31, '1700000', '2019-03-29 02:37:48', '0000-00-00 00:00:00'),
(347, 75, 22, 45, 'Permanen', '2019-03-29 02:37:48', '0000-00-00 00:00:00'),
(348, 76, 14, 26, 'Buruh', '2019-03-29 02:38:50', '0000-00-00 00:00:00'),
(349, 76, 15, 39, 'Bambu', '2019-03-29 02:38:50', '0000-00-00 00:00:00'),
(350, 76, 17, 18, ' Numpang (subsidi) ', '2019-03-29 02:38:50', '0000-00-00 00:00:00'),
(351, 76, 19, 30, '6', '2019-03-29 02:38:50', '0000-00-00 00:00:00'),
(352, 76, 20, 42, 'Menumpang', '2019-03-29 02:38:50', '0000-00-00 00:00:00'),
(353, 76, 21, 33, '900000', '2019-03-29 02:38:50', '0000-00-00 00:00:00'),
(354, 76, 22, 47, 'Panggung', '2019-03-29 02:38:50', '0000-00-00 00:00:00'),
(355, 77, 14, 26, 'Buruh', '2019-03-29 02:39:43', '0000-00-00 00:00:00'),
(356, 77, 15, 21, 'Papan', '2019-03-29 02:39:43', '0000-00-00 00:00:00'),
(357, 77, 17, 27, 'Milik sendiri (tanpa subsidi)', '2019-03-29 02:39:43', '0000-00-00 00:00:00'),
(358, 77, 19, 37, '2', '2019-03-29 02:39:43', '0000-00-00 00:00:00'),
(359, 77, 20, 40, 'Milik Sendiri', '2019-03-29 02:39:43', '0000-00-00 00:00:00'),
(360, 77, 21, 33, '1200000', '2019-03-29 02:39:43', '0000-00-00 00:00:00'),
(361, 77, 22, 47, 'Panggung', '2019-03-29 02:39:43', '0000-00-00 00:00:00'),
(362, 78, 14, 22, ' Petani ', '2019-03-29 02:40:28', '0000-00-00 00:00:00'),
(363, 78, 15, 21, 'Papan', '2019-03-29 02:40:28', '0000-00-00 00:00:00'),
(364, 78, 17, 43, 'Numpang (tanpa subsidi)', '2019-03-29 02:40:28', '0000-00-00 00:00:00'),
(365, 78, 19, 30, '6', '2019-03-29 02:40:28', '0000-00-00 00:00:00'),
(366, 78, 20, 42, 'Menumpang', '2019-03-29 02:40:28', '0000-00-00 00:00:00'),
(367, 78, 21, 34, '750000', '2019-03-29 02:40:28', '0000-00-00 00:00:00'),
(368, 78, 22, 47, 'Panggung', '2019-03-29 02:40:28', '0000-00-00 00:00:00'),
(369, 79, 14, 16, 'Wirausaha', '2019-03-29 02:42:08', '0000-00-00 00:00:00'),
(370, 79, 15, 25, 'Beton', '2019-03-29 02:42:08', '0000-00-00 00:00:00'),
(371, 79, 17, 27, 'Milik sendiri (tanpa subsidi)', '2019-03-29 02:42:08', '0000-00-00 00:00:00'),
(372, 79, 19, 30, '6', '2019-03-29 02:42:08', '0000-00-00 00:00:00'),
(373, 79, 20, 40, 'Milik Sendiri', '2019-03-29 02:42:08', '0000-00-00 00:00:00'),
(374, 79, 21, 31, '3000000', '2019-03-29 02:42:08', '0000-00-00 00:00:00'),
(375, 79, 22, 45, 'Permanen', '2019-03-29 02:42:08', '0000-00-00 00:00:00'),
(376, 80, 14, 22, ' Petani ', '2019-03-29 02:42:59', '0000-00-00 00:00:00'),
(377, 80, 15, 21, 'Papan', '2019-03-29 02:42:59', '0000-00-00 00:00:00'),
(378, 80, 17, 43, 'Numpang (tanpa subsidi)', '2019-03-29 02:42:59', '0000-00-00 00:00:00'),
(379, 80, 19, 36, '5', '2019-03-29 02:42:59', '0000-00-00 00:00:00'),
(380, 80, 20, 42, 'Menumpang', '2019-03-29 02:42:59', '0000-00-00 00:00:00'),
(381, 80, 21, 34, '800000', '2019-03-29 02:42:59', '0000-00-00 00:00:00'),
(382, 80, 22, 47, 'Panggung', '2019-03-29 02:42:59', '0000-00-00 00:00:00'),
(383, 81, 14, 22, ' Petani ', '2019-03-29 02:43:45', '0000-00-00 00:00:00'),
(384, 81, 15, 21, 'Papan', '2019-03-29 02:43:45', '0000-00-00 00:00:00'),
(385, 81, 17, 27, 'Milik sendiri (tanpa subsidi)', '2019-03-29 02:43:45', '0000-00-00 00:00:00'),
(386, 81, 19, 30, '6', '2019-03-29 02:43:45', '0000-00-00 00:00:00'),
(387, 81, 20, 40, 'Milik Sendiri', '2019-03-29 02:43:45', '0000-00-00 00:00:00'),
(388, 81, 21, 34, '600000', '2019-03-29 02:43:45', '0000-00-00 00:00:00'),
(389, 81, 22, 47, 'Panggung', '2019-03-29 02:43:45', '0000-00-00 00:00:00'),
(390, 82, 14, 26, 'Buruh', '2019-03-29 02:44:39', '0000-00-00 00:00:00'),
(391, 82, 15, 25, 'Beton', '2019-03-29 02:44:39', '0000-00-00 00:00:00'),
(392, 82, 17, 18, ' Numpang (subsidi) ', '2019-03-29 02:44:39', '0000-00-00 00:00:00'),
(393, 82, 19, 37, '2', '2019-03-29 02:44:39', '0000-00-00 00:00:00'),
(394, 82, 20, 42, 'Menumpang', '2019-03-29 02:44:39', '0000-00-00 00:00:00'),
(395, 82, 21, 33, '950000', '2019-03-29 02:44:39', '0000-00-00 00:00:00'),
(396, 82, 22, 46, 'Semi Permanen', '2019-03-29 02:44:39', '0000-00-00 00:00:00'),
(397, 83, 14, 16, 'Wirausaha', '2019-03-29 02:45:28', '0000-00-00 00:00:00'),
(398, 83, 15, 25, 'Beton', '2019-03-29 02:45:28', '0000-00-00 00:00:00'),
(399, 83, 17, 27, 'Milik sendiri (tanpa subsidi)', '2019-03-29 02:45:28', '0000-00-00 00:00:00'),
(400, 83, 19, 36, '4', '2019-03-29 02:45:28', '0000-00-00 00:00:00'),
(401, 83, 20, 40, 'Milik Sendiri', '2019-03-29 02:45:28', '0000-00-00 00:00:00'),
(402, 83, 21, 31, '2000000', '2019-03-29 02:45:28', '0000-00-00 00:00:00'),
(403, 83, 22, 46, 'Semi Permanen', '2019-03-29 02:45:28', '0000-00-00 00:00:00'),
(404, 84, 14, 26, 'Buruh', '2019-03-29 02:46:13', '0000-00-00 00:00:00'),
(405, 84, 15, 39, 'Bambu', '2019-03-29 02:46:13', '0000-00-00 00:00:00'),
(406, 84, 17, 43, 'Numpang (tanpa subsidi)', '2019-03-29 02:46:13', '0000-00-00 00:00:00'),
(407, 84, 19, 29, '9', '2019-03-29 02:46:13', '0000-00-00 00:00:00'),
(408, 84, 20, 42, 'Menumpang', '2019-03-29 02:46:13', '0000-00-00 00:00:00'),
(409, 84, 21, 33, '900000', '2019-03-29 02:46:13', '0000-00-00 00:00:00'),
(410, 84, 22, 47, 'Panggung', '2019-03-29 02:46:13', '0000-00-00 00:00:00'),
(411, 85, 14, 26, 'Buruh', '2019-03-29 02:47:05', '0000-00-00 00:00:00'),
(412, 85, 15, 21, 'Papan', '2019-03-29 02:47:05', '0000-00-00 00:00:00'),
(413, 85, 17, 27, 'Milik sendiri (tanpa subsidi)', '2019-03-29 02:47:05', '0000-00-00 00:00:00'),
(414, 85, 19, 30, '8', '2019-03-29 02:47:05', '0000-00-00 00:00:00'),
(415, 85, 20, 40, 'Milik Sendiri', '2019-03-29 02:47:05', '0000-00-00 00:00:00'),
(416, 85, 21, 34, '800000', '2019-03-29 02:47:05', '0000-00-00 00:00:00'),
(417, 85, 22, 47, 'Panggung', '2019-03-29 02:47:05', '0000-00-00 00:00:00'),
(418, 86, 14, 22, ' Petani ', '2019-03-29 02:47:51', '0000-00-00 00:00:00'),
(419, 86, 15, 21, 'Papan', '2019-03-29 02:47:51', '0000-00-00 00:00:00'),
(420, 86, 17, 43, 'Numpang (tanpa subsidi)', '2019-03-29 02:47:51', '0000-00-00 00:00:00'),
(421, 86, 19, 30, '6', '2019-03-29 02:47:51', '0000-00-00 00:00:00'),
(422, 86, 20, 42, 'Menumpang', '2019-03-29 02:47:51', '0000-00-00 00:00:00'),
(423, 86, 21, 33, '900000', '2019-03-29 02:47:51', '0000-00-00 00:00:00'),
(424, 86, 22, 47, 'Panggung', '2019-03-29 02:47:51', '0000-00-00 00:00:00'),
(460, 92, 14, 22, ' Petani ', '2019-03-29 02:59:43', '0000-00-00 00:00:00'),
(461, 92, 15, 25, 'Beton', '2019-03-29 02:59:43', '0000-00-00 00:00:00'),
(462, 92, 17, 24, ' Milik Sendiri (subsidi) ', '2019-03-29 02:59:43', '0000-00-00 00:00:00'),
(463, 92, 19, 36, '5', '2019-03-29 02:59:43', '0000-00-00 00:00:00'),
(464, 92, 20, 40, 'Milik Sendiri', '2019-03-29 02:59:43', '0000-00-00 00:00:00'),
(465, 92, 21, 33, '1300000', '2019-03-29 02:59:43', '0000-00-00 00:00:00'),
(466, 92, 22, 45, 'Permanen', '2019-03-29 02:59:43', '0000-00-00 00:00:00'),
(467, 93, 14, 26, 'Buruh', '2019-03-29 03:01:22', '0000-00-00 00:00:00'),
(468, 93, 15, 17, 'Triplek', '2019-03-29 03:01:22', '0000-00-00 00:00:00'),
(469, 93, 17, 43, 'Numpang (tanpa subsidi)', '2019-03-29 03:01:22', '0000-00-00 00:00:00'),
(470, 93, 19, 30, '8', '2019-03-29 03:01:22', '0000-00-00 00:00:00'),
(471, 93, 20, 41, 'Ngontrak', '2019-03-29 03:01:22', '0000-00-00 00:00:00'),
(472, 93, 21, 33, '950000', '2019-03-29 03:01:22', '0000-00-00 00:00:00'),
(473, 93, 22, 47, 'Panggung', '2019-03-29 03:01:22', '0000-00-00 00:00:00'),
(495, 97, 14, 22, ' Petani ', '2019-03-29 03:15:42', '0000-00-00 00:00:00'),
(496, 97, 15, 21, 'Papan', '2019-03-29 03:15:42', '0000-00-00 00:00:00'),
(497, 97, 17, 27, 'Milik sendiri (tanpa subsidi)', '2019-03-29 03:15:42', '0000-00-00 00:00:00'),
(498, 97, 19, 36, '4', '2019-03-29 03:15:42', '0000-00-00 00:00:00'),
(499, 97, 20, 40, 'Milik Sendiri', '2019-03-29 03:15:42', '0000-00-00 00:00:00'),
(500, 97, 21, 33, '1000000', '2019-03-29 03:15:42', '0000-00-00 00:00:00'),
(501, 97, 22, 47, 'Panggung', '2019-03-29 03:15:42', '0000-00-00 00:00:00'),
(502, 98, 14, 22, ' Petani ', '2019-03-29 04:49:06', '0000-00-00 00:00:00'),
(503, 98, 15, 21, 'Papan', '2019-03-29 04:49:06', '0000-00-00 00:00:00'),
(504, 98, 17, 27, 'Milik sendiri (tanpa subsidi)', '2019-03-29 04:49:06', '0000-00-00 00:00:00'),
(505, 98, 19, 36, '3', '2019-03-29 04:49:06', '0000-00-00 00:00:00'),
(506, 98, 20, 40, 'Milik Sendiri', '2019-03-29 04:49:06', '0000-00-00 00:00:00'),
(507, 98, 21, 34, '700000', '2019-03-29 04:49:06', '0000-00-00 00:00:00'),
(508, 98, 22, 47, 'Panggung', '2019-03-29 04:49:06', '0000-00-00 00:00:00'),
(509, 99, 14, 16, 'Wirausaha', '2019-03-29 04:50:02', '0000-00-00 00:00:00'),
(510, 99, 15, 21, 'Papan', '2019-03-29 04:50:02', '0000-00-00 00:00:00'),
(511, 99, 17, 27, 'Milik sendiri (tanpa subsidi)', '2019-03-29 04:50:02', '0000-00-00 00:00:00'),
(512, 99, 19, 30, '6', '2019-03-29 04:50:02', '0000-00-00 00:00:00'),
(513, 99, 20, 40, 'Milik Sendiri', '2019-03-29 04:50:02', '0000-00-00 00:00:00'),
(514, 99, 21, 31, '2500000', '2019-03-29 04:50:02', '0000-00-00 00:00:00'),
(515, 99, 22, 47, 'Panggung', '2019-03-29 04:50:02', '0000-00-00 00:00:00'),
(516, 100, 14, 26, 'Buruh', '2019-03-29 04:50:47', '0000-00-00 00:00:00'),
(517, 100, 15, 39, 'Bambu', '2019-03-29 04:50:47', '0000-00-00 00:00:00'),
(518, 100, 17, 43, 'Numpang (tanpa subsidi)', '2019-03-29 04:50:47', '0000-00-00 00:00:00'),
(519, 100, 19, 30, '6', '2019-03-29 04:50:47', '0000-00-00 00:00:00'),
(520, 100, 20, 41, 'Ngontrak', '2019-03-29 04:50:47', '0000-00-00 00:00:00'),
(521, 100, 21, 33, '900000', '2019-03-29 04:50:47', '0000-00-00 00:00:00'),
(522, 100, 22, 47, 'Panggung', '2019-03-29 04:50:47', '0000-00-00 00:00:00'),
(523, 101, 14, 22, ' Petani ', '2019-03-29 06:20:19', '0000-00-00 00:00:00'),
(524, 101, 15, 39, 'Bambu', '2019-03-29 06:20:19', '0000-00-00 00:00:00'),
(525, 101, 17, 43, 'Numpang (tanpa subsidi)', '2019-03-29 06:20:19', '0000-00-00 00:00:00'),
(526, 101, 19, 38, '0', '2019-03-29 06:20:19', '0000-00-00 00:00:00'),
(527, 101, 20, 42, 'Menumpang', '2019-03-29 06:20:19', '0000-00-00 00:00:00'),
(528, 101, 21, 34, '300000', '2019-03-29 06:20:19', '0000-00-00 00:00:00'),
(529, 101, 22, 47, 'Panggung', '2019-03-29 06:20:19', '0000-00-00 00:00:00'),
(530, 102, 14, 26, 'Buruh', '2019-03-29 06:21:35', '0000-00-00 00:00:00'),
(531, 102, 15, 21, 'Papan', '2019-03-29 06:21:35', '0000-00-00 00:00:00'),
(532, 102, 17, 43, 'Numpang (tanpa subsidi)', '2019-03-29 06:21:35', '0000-00-00 00:00:00'),
(533, 102, 19, 30, '7', '2019-03-29 06:21:35', '0000-00-00 00:00:00'),
(534, 102, 20, 41, 'Ngontrak', '2019-03-29 06:21:35', '0000-00-00 00:00:00'),
(535, 102, 21, 33, '900000', '2019-03-29 06:21:35', '0000-00-00 00:00:00'),
(536, 102, 22, 47, 'Panggung', '2019-03-29 06:21:35', '0000-00-00 00:00:00'),
(537, 103, 14, 22, ' Petani ', '2019-03-29 06:23:33', '0000-00-00 00:00:00'),
(538, 103, 15, 21, 'Papan', '2019-03-29 06:23:33', '0000-00-00 00:00:00'),
(539, 103, 17, 43, 'Numpang (tanpa subsidi)', '2019-03-29 06:23:33', '0000-00-00 00:00:00'),
(540, 103, 19, 36, '3', '2019-03-29 06:23:33', '0000-00-00 00:00:00'),
(541, 103, 20, 42, 'Menumpang', '2019-03-29 06:23:33', '0000-00-00 00:00:00'),
(542, 103, 21, 31, '1600000', '2019-03-29 06:23:33', '0000-00-00 00:00:00'),
(543, 103, 22, 47, 'Panggung', '2019-03-29 06:23:33', '0000-00-00 00:00:00'),
(544, 104, 14, 26, 'Buruh', '2019-03-29 06:24:15', '0000-00-00 00:00:00'),
(545, 104, 15, 25, 'Beton', '2019-03-29 06:24:15', '0000-00-00 00:00:00'),
(546, 104, 17, 27, 'Milik sendiri (tanpa subsidi)', '2019-03-29 06:24:15', '0000-00-00 00:00:00'),
(547, 104, 19, 36, '5', '2019-03-29 06:24:15', '0000-00-00 00:00:00'),
(548, 104, 20, 40, 'Milik Sendiri', '2019-03-29 06:24:15', '0000-00-00 00:00:00'),
(549, 104, 21, 31, '2000000', '2019-03-29 06:24:15', '0000-00-00 00:00:00'),
(550, 104, 22, 46, 'Semi Permanen', '2019-03-29 06:24:15', '0000-00-00 00:00:00'),
(551, 105, 14, 22, ' Petani ', '2019-03-29 06:24:58', '0000-00-00 00:00:00'),
(552, 105, 15, 21, 'Papan', '2019-03-29 06:24:58', '0000-00-00 00:00:00'),
(553, 105, 17, 27, 'Milik sendiri (tanpa subsidi)', '2019-03-29 06:24:58', '0000-00-00 00:00:00'),
(554, 105, 19, 36, '4', '2019-03-29 06:24:58', '0000-00-00 00:00:00'),
(555, 105, 20, 40, 'Milik Sendiri', '2019-03-29 06:24:58', '0000-00-00 00:00:00'),
(556, 105, 21, 34, '800000', '2019-03-29 06:24:58', '0000-00-00 00:00:00'),
(557, 105, 22, 47, 'Panggung', '2019-03-29 06:24:58', '0000-00-00 00:00:00'),
(558, 106, 14, 16, 'Wirausaha', '2019-03-29 06:25:42', '0000-00-00 00:00:00'),
(559, 106, 15, 25, 'Beton', '2019-03-29 06:25:42', '0000-00-00 00:00:00'),
(560, 106, 17, 27, 'Milik sendiri (tanpa subsidi)', '2019-03-29 06:25:42', '0000-00-00 00:00:00'),
(561, 106, 19, 36, '4', '2019-03-29 06:25:42', '0000-00-00 00:00:00'),
(562, 106, 20, 40, 'Milik Sendiri', '2019-03-29 06:25:42', '0000-00-00 00:00:00'),
(563, 106, 21, 31, '2700000', '2019-03-29 06:25:42', '0000-00-00 00:00:00'),
(564, 106, 22, 45, 'Permanen', '2019-03-29 06:25:42', '0000-00-00 00:00:00'),
(565, 107, 14, 22, ' Petani ', '2019-03-29 06:26:25', '0000-00-00 00:00:00'),
(566, 107, 15, 25, 'Beton', '2019-03-29 06:26:25', '0000-00-00 00:00:00'),
(567, 107, 17, 27, 'Milik sendiri (tanpa subsidi)', '2019-03-29 06:26:25', '0000-00-00 00:00:00'),
(568, 107, 19, 36, '3', '2019-03-29 06:26:25', '0000-00-00 00:00:00'),
(569, 107, 20, 40, 'Milik Sendiri', '2019-03-29 06:26:25', '0000-00-00 00:00:00'),
(570, 107, 21, 34, '800000', '2019-03-29 06:26:25', '0000-00-00 00:00:00'),
(571, 107, 22, 45, 'Permanen', '2019-03-29 06:26:25', '0000-00-00 00:00:00'),
(572, 108, 14, 22, ' Petani ', '2019-03-29 06:27:07', '0000-00-00 00:00:00'),
(573, 108, 15, 21, 'Papan', '2019-03-29 06:27:07', '0000-00-00 00:00:00'),
(574, 108, 17, 27, 'Milik sendiri (tanpa subsidi)', '2019-03-29 06:27:07', '0000-00-00 00:00:00'),
(575, 108, 19, 36, '4', '2019-03-29 06:27:07', '0000-00-00 00:00:00'),
(576, 108, 20, 40, 'Milik Sendiri', '2019-03-29 06:27:07', '0000-00-00 00:00:00'),
(577, 108, 21, 34, '500000', '2019-03-29 06:27:07', '0000-00-00 00:00:00'),
(578, 108, 22, 47, 'Panggung', '2019-03-29 06:27:07', '0000-00-00 00:00:00'),
(579, 109, 14, 26, 'Buruh', '2019-03-29 06:27:57', '0000-00-00 00:00:00'),
(580, 109, 15, 39, 'Bambu', '2019-03-29 06:27:57', '0000-00-00 00:00:00'),
(581, 109, 17, 18, ' Numpang (subsidi) ', '2019-03-29 06:27:57', '0000-00-00 00:00:00'),
(582, 109, 19, 36, '5', '2019-03-29 06:27:57', '0000-00-00 00:00:00'),
(583, 109, 20, 42, 'Menumpang', '2019-03-29 06:27:57', '0000-00-00 00:00:00'),
(584, 109, 21, 34, '700000', '2019-03-29 06:27:57', '0000-00-00 00:00:00'),
(585, 109, 22, 47, 'Panggung', '2019-03-29 06:27:57', '0000-00-00 00:00:00'),
(586, 110, 14, 16, 'Wirausaha', '2019-03-29 06:28:45', '0000-00-00 00:00:00'),
(587, 110, 15, 21, 'Papan', '2019-03-29 06:28:45', '0000-00-00 00:00:00'),
(588, 110, 17, 27, 'Milik sendiri (tanpa subsidi)', '2019-03-29 06:28:45', '0000-00-00 00:00:00'),
(589, 110, 19, 30, '7', '2019-03-29 06:28:45', '0000-00-00 00:00:00'),
(590, 110, 20, 40, 'Milik Sendiri', '2019-03-29 06:28:45', '0000-00-00 00:00:00'),
(591, 110, 21, 33, '1000000', '2019-03-29 06:28:45', '0000-00-00 00:00:00'),
(592, 110, 22, 47, 'Panggung', '2019-03-29 06:28:45', '0000-00-00 00:00:00'),
(593, 111, 14, 26, 'Buruh', '2019-03-29 06:29:41', '0000-00-00 00:00:00'),
(594, 111, 15, 25, 'Beton', '2019-03-29 06:29:41', '0000-00-00 00:00:00'),
(595, 111, 17, 27, 'Milik sendiri (tanpa subsidi)', '2019-03-29 06:29:41', '0000-00-00 00:00:00'),
(596, 111, 19, 36, '3', '2019-03-29 06:29:41', '0000-00-00 00:00:00'),
(597, 111, 20, 40, 'Milik Sendiri', '2019-03-29 06:29:41', '0000-00-00 00:00:00'),
(598, 111, 21, 33, '1000000', '2019-03-29 06:29:41', '0000-00-00 00:00:00'),
(599, 111, 22, 45, 'Permanen', '2019-03-29 06:29:41', '0000-00-00 00:00:00'),
(600, 112, 14, 26, 'Buruh', '2019-03-29 06:30:28', '0000-00-00 00:00:00'),
(601, 112, 15, 17, 'Triplek', '2019-03-29 06:30:28', '0000-00-00 00:00:00'),
(602, 112, 17, 43, 'Numpang (tanpa subsidi)', '2019-03-29 06:30:28', '0000-00-00 00:00:00'),
(603, 112, 19, 37, '2', '2019-03-29 06:30:28', '0000-00-00 00:00:00'),
(604, 112, 20, 41, 'Ngontrak', '2019-03-29 06:30:28', '0000-00-00 00:00:00'),
(605, 112, 21, 34, '400000', '2019-03-29 06:30:28', '0000-00-00 00:00:00'),
(606, 112, 22, 47, 'Panggung', '2019-03-29 06:30:28', '0000-00-00 00:00:00'),
(614, 114, 14, 26, 'Buruh', '2019-03-29 06:32:09', '0000-00-00 00:00:00'),
(615, 114, 15, 39, 'Bambu', '2019-03-29 06:32:09', '0000-00-00 00:00:00'),
(616, 114, 17, 44, 'Tidak Ada', '2019-03-29 06:32:09', '0000-00-00 00:00:00'),
(617, 114, 19, 38, '0', '2019-03-29 06:32:09', '0000-00-00 00:00:00'),
(618, 114, 20, 42, 'Menumpang', '2019-03-29 06:32:09', '0000-00-00 00:00:00'),
(619, 114, 21, 35, '200000', '2019-03-29 06:32:09', '0000-00-00 00:00:00'),
(620, 114, 22, 47, 'Panggung', '2019-03-29 06:32:09', '0000-00-00 00:00:00'),
(621, 115, 14, 22, ' Petani ', '2019-03-29 06:32:57', '0000-00-00 00:00:00'),
(622, 115, 15, 21, 'Papan', '2019-03-29 06:32:57', '0000-00-00 00:00:00'),
(623, 115, 17, 24, ' Milik Sendiri (subsidi) ', '2019-03-29 06:32:57', '0000-00-00 00:00:00'),
(624, 115, 19, 36, '4', '2019-03-29 06:32:57', '0000-00-00 00:00:00'),
(625, 115, 20, 40, 'Milik Sendiri', '2019-03-29 06:32:57', '0000-00-00 00:00:00'),
(626, 115, 21, 33, '900000', '2019-03-29 06:32:57', '0000-00-00 00:00:00'),
(627, 115, 22, 47, 'Panggung', '2019-03-29 06:32:57', '0000-00-00 00:00:00'),
(628, 116, 14, 26, 'Buruh', '2019-03-29 06:33:39', '0000-00-00 00:00:00'),
(629, 116, 15, 17, 'Triplek', '2019-03-29 06:33:39', '0000-00-00 00:00:00'),
(630, 116, 17, 27, 'Milik sendiri (tanpa subsidi)', '2019-03-29 06:33:39', '0000-00-00 00:00:00'),
(631, 116, 19, 37, '2', '2019-03-29 06:33:39', '0000-00-00 00:00:00'),
(632, 116, 20, 41, 'Ngontrak', '2019-03-29 06:33:39', '0000-00-00 00:00:00'),
(633, 116, 21, 34, '500000', '2019-03-29 06:33:39', '0000-00-00 00:00:00'),
(634, 116, 22, 47, 'Panggung', '2019-03-29 06:33:39', '0000-00-00 00:00:00'),
(635, 117, 14, 26, 'Buruh', '2019-03-29 06:34:21', '0000-00-00 00:00:00'),
(636, 117, 15, 21, 'Papan', '2019-03-29 06:34:21', '0000-00-00 00:00:00'),
(637, 117, 17, 24, ' Milik Sendiri (subsidi) ', '2019-03-29 06:34:21', '0000-00-00 00:00:00'),
(638, 117, 19, 36, '3', '2019-03-29 06:34:21', '0000-00-00 00:00:00'),
(639, 117, 20, 40, 'Milik Sendiri', '2019-03-29 06:34:21', '0000-00-00 00:00:00'),
(640, 117, 21, 34, '500000', '2019-03-29 06:34:21', '0000-00-00 00:00:00'),
(641, 117, 22, 47, 'Panggung', '2019-03-29 06:34:21', '0000-00-00 00:00:00'),
(642, 118, 14, 26, 'Buruh', '2019-03-29 06:35:07', '0000-00-00 00:00:00'),
(643, 118, 15, 21, 'Papan', '2019-03-29 06:35:07', '0000-00-00 00:00:00'),
(644, 118, 17, 27, 'Milik sendiri (tanpa subsidi)', '2019-03-29 06:35:07', '0000-00-00 00:00:00'),
(645, 118, 19, 37, '2', '2019-03-29 06:35:07', '0000-00-00 00:00:00'),
(646, 118, 20, 40, 'Milik Sendiri', '2019-03-29 06:35:07', '0000-00-00 00:00:00'),
(647, 118, 21, 34, '400000', '2019-03-29 06:35:07', '0000-00-00 00:00:00'),
(648, 118, 22, 45, 'Permanen', '2019-03-29 06:35:07', '0000-00-00 00:00:00'),
(649, 119, 14, 26, 'Buruh', '2019-03-29 06:35:51', '0000-00-00 00:00:00'),
(650, 119, 15, 25, 'Beton', '2019-03-29 06:35:51', '0000-00-00 00:00:00'),
(651, 119, 17, 43, 'Numpang (tanpa subsidi)', '2019-03-29 06:35:51', '0000-00-00 00:00:00'),
(652, 119, 19, 37, '2', '2019-03-29 06:35:51', '0000-00-00 00:00:00'),
(653, 119, 20, 42, 'Menumpang', '2019-03-29 06:35:51', '0000-00-00 00:00:00'),
(654, 119, 21, 31, '2000000', '2019-03-29 06:35:51', '0000-00-00 00:00:00'),
(655, 119, 22, 46, 'Semi Permanen', '2019-03-29 06:35:51', '0000-00-00 00:00:00'),
(656, 120, 14, 26, 'Buruh', '2019-03-29 06:36:48', '0000-00-00 00:00:00'),
(657, 120, 15, 21, 'Papan', '2019-03-29 06:36:48', '0000-00-00 00:00:00'),
(658, 120, 17, 43, 'Numpang (tanpa subsidi)', '2019-03-29 06:36:48', '0000-00-00 00:00:00'),
(659, 120, 19, 37, '2', '2019-03-29 06:36:48', '0000-00-00 00:00:00'),
(660, 120, 20, 42, 'Menumpang', '2019-03-29 06:36:48', '0000-00-00 00:00:00'),
(661, 120, 21, 34, '700000', '2019-03-29 06:36:48', '0000-00-00 00:00:00'),
(662, 120, 22, 47, 'Panggung', '2019-03-29 06:36:48', '0000-00-00 00:00:00'),
(663, 121, 14, 26, 'Buruh', '2019-03-29 06:37:25', '0000-00-00 00:00:00'),
(664, 121, 15, 21, 'Papan', '2019-03-29 06:37:25', '0000-00-00 00:00:00'),
(665, 121, 17, 43, 'Numpang (tanpa subsidi)', '2019-03-29 06:37:25', '0000-00-00 00:00:00'),
(666, 121, 19, 37, '2', '2019-03-29 06:37:25', '0000-00-00 00:00:00'),
(667, 121, 20, 42, 'Menumpang', '2019-03-29 06:37:25', '0000-00-00 00:00:00'),
(668, 121, 21, 34, '800000', '2019-03-29 06:37:25', '0000-00-00 00:00:00'),
(669, 121, 22, 47, 'Panggung', '2019-03-29 06:37:25', '0000-00-00 00:00:00'),
(670, 122, 14, 26, 'Buruh', '2019-03-29 06:38:12', '0000-00-00 00:00:00'),
(671, 122, 15, 21, 'Papan', '2019-03-29 06:38:12', '0000-00-00 00:00:00'),
(672, 122, 17, 43, 'Numpang (tanpa subsidi)', '2019-03-29 06:38:12', '0000-00-00 00:00:00'),
(673, 122, 19, 37, '1', '2019-03-29 06:38:12', '0000-00-00 00:00:00'),
(674, 122, 20, 42, 'Menumpang', '2019-03-29 06:38:12', '0000-00-00 00:00:00'),
(675, 122, 21, 34, '500000', '2019-03-29 06:38:12', '0000-00-00 00:00:00'),
(676, 122, 22, 47, 'Panggung', '2019-03-29 06:38:12', '0000-00-00 00:00:00'),
(677, 113, 14, 26, 'Buruh', '2019-03-29 06:44:29', '0000-00-00 00:00:00'),
(678, 113, 15, 21, 'Papan', '2019-03-29 06:44:29', '0000-00-00 00:00:00'),
(679, 113, 17, 18, ' Numpang (subsidi) ', '2019-03-29 06:44:29', '0000-00-00 00:00:00'),
(680, 113, 19, 30, '7', '2019-03-29 06:44:29', '0000-00-00 00:00:00'),
(681, 113, 20, 42, 'Menumpang', '2019-03-29 06:44:29', '0000-00-00 00:00:00'),
(682, 113, 21, 34, '800000', '2019-03-29 06:44:29', '0000-00-00 00:00:00'),
(683, 113, 22, 47, 'Panggung', '2019-03-29 06:44:29', '0000-00-00 00:00:00');

-- --------------------------------------------------------

--
-- Struktur dari tabel `faktor`
--

CREATE TABLE `faktor` (
  `Id_faktor` int(11) NOT NULL,
  `nama_faktor` varchar(100) NOT NULL,
  `bobot_faktor` double NOT NULL,
  `id_kriteria` int(11) NOT NULL,
  `created_at` timestamp NOT NULL DEFAULT CURRENT_TIMESTAMP ON UPDATE CURRENT_TIMESTAMP,
  `updated_at` timestamp NOT NULL DEFAULT '0000-00-00 00:00:00'
) ENGINE=InnoDB DEFAULT CHARSET=latin1;

--
-- Dumping data untuk tabel `faktor`
--

INSERT INTO `faktor` (`Id_faktor`, `nama_faktor`, `bobot_faktor`, `id_kriteria`, `created_at`, `updated_at`) VALUES
(16, 'Wirausaha', 5, 14, '2019-01-28 10:27:58', '2019-01-28 10:27:58'),
(17, 'Triplek', 2, 15, '2019-01-28 10:33:10', '2019-01-28 10:33:10'),
(18, ' Numpang (subsidi) ', 4, 17, '2019-01-28 10:35:12', '2019-01-28 10:35:12'),
(21, 'Papan', 4, 15, '2019-01-28 10:32:58', '2019-01-28 10:32:58'),
(22, ' Petani ', 3, 14, '2019-01-28 10:28:15', '2019-01-28 10:28:15'),
(24, ' Milik Sendiri (subsidi) ', 5, 17, '2019-01-28 10:35:18', '2019-01-28 10:35:18'),
(25, 'Beton', 5, 15, '2019-01-28 10:32:47', '2019-01-28 10:32:47'),
(26, 'Buruh', 1, 14, '2019-01-28 10:28:27', '2019-01-28 10:28:27'),
(27, 'Milik sendiri (tanpa subsidi)', 3, 17, '2019-01-28 10:35:34', '2019-01-28 10:35:34'),
(29, '>8 ', 5, 19, '2019-01-28 10:31:24', '2019-01-28 10:31:24'),
(30, '6 s/d 8', 4, 19, '2019-01-28 10:31:44', '2019-01-28 10:31:44'),
(31, ' >1500000 ', 5, 21, '2019-01-28 10:30:47', '2019-01-28 10:30:47'),
(32, '1300001-1500000', 4, 21, '2019-01-28 10:29:39', '2019-01-28 10:29:39'),
(33, '800001-1300000', 3, 21, '2019-01-28 10:29:58', '2019-01-28 10:29:58'),
(34, '300000-800000', 2, 21, '2019-01-28 10:30:24', '2019-01-28 10:30:24'),
(35, '<300000', 1, 21, '2019-01-28 10:30:38', '2019-01-28 10:30:38'),
(36, '3 s/d 5', 3, 19, '2019-01-28 10:31:58', '2019-01-28 10:31:58'),
(37, '1 s/d 2', 2, 19, '2019-01-28 10:32:10', '2019-01-28 10:32:10'),
(38, 'sendiri', 1, 19, '2019-01-28 10:32:21', '2019-01-28 10:32:21'),
(39, 'Bambu', 1, 15, '2019-01-28 10:33:18', '2019-01-28 10:33:18'),
(40, 'Milik Sendiri', 4, 20, '2019-01-28 10:33:50', '2019-01-28 10:33:50'),
(41, 'Ngontrak', 2, 20, '2019-01-28 10:34:05', '2019-01-28 10:34:05'),
(42, 'Menumpang', 1, 20, '2019-01-28 10:34:14', '2019-01-28 10:34:14'),
(43, 'Numpang (tanpa subsidi)', 2, 17, '2019-01-28 10:35:50', '2019-01-28 10:35:50'),
(44, 'Tidak Ada', 1, 17, '2019-01-28 10:35:59', '2019-01-28 10:35:59'),
(45, 'Permanen', 5, 22, '2019-01-28 10:36:26', '2019-01-28 10:36:26'),
(46, 'Semi Permanen', 3, 22, '2019-01-28 10:36:38', '2019-01-28 10:36:38'),
(47, 'Panggung', 1, 22, '2019-01-28 10:36:47', '2019-01-28 10:36:47');

-- --------------------------------------------------------

--
-- Struktur dari tabel `kriteria`
--

CREATE TABLE `kriteria` (
  `id_kriteria` int(11) NOT NULL,
  `nama_kriteria` varchar(100) NOT NULL,
  `bobot_kriteria` double NOT NULL,
  `kondisi` enum('Cost(-)','Benefit(+)') NOT NULL,
  `created_at` timestamp NOT NULL DEFAULT '0000-00-00 00:00:00' ON UPDATE CURRENT_TIMESTAMP,
  `updated_at` timestamp NOT NULL DEFAULT '0000-00-00 00:00:00'
) ENGINE=InnoDB DEFAULT CHARSET=latin1;

--
-- Dumping data untuk tabel `kriteria`
--

INSERT INTO `kriteria` (`id_kriteria`, `nama_kriteria`, `bobot_kriteria`, `kondisi`, `created_at`, `updated_at`) VALUES
(14, 'Pekerjaan', 3, 'Cost(-)', '2019-01-28 10:26:35', '2019-01-28 10:26:35'),
(15, 'Kondisi Rumah', 1, 'Cost(-)', '2019-01-28 10:27:04', '2019-01-28 10:27:04'),
(17, 'Jaringan Listrik', 2, 'Cost(-)', '2019-01-28 10:27:20', '2019-01-28 10:27:20'),
(19, 'Jumlah Tanggungan', 5, 'Benefit(+)', '2019-03-12 13:05:30', '2019-03-12 13:05:30'),
(20, 'Kepemilikan Rumah', 3, 'Cost(-)', '2019-01-28 10:27:13', '2019-01-28 10:27:13'),
(21, 'Penghasilan', 5, 'Cost(-)', '2019-01-28 10:26:46', '2019-01-28 10:26:46'),
(22, 'Jenis Rumah', 4, 'Cost(-)', '2019-01-28 10:27:31', '2019-01-28 10:27:31');

-- --------------------------------------------------------

--
-- Struktur dari tabel `pengguna`
--

CREATE TABLE `pengguna` (
  `id_pengguna` int(11) NOT NULL,
  `id_role` int(11) NOT NULL,
  `username` varchar(255) NOT NULL,
  `password` char(32) NOT NULL,
  `nama` varchar(255) NOT NULL,
  `email` varchar(255) NOT NULL,
  `tempat_lahir` varchar(255) NOT NULL,
  `tanggal_lahir` date NOT NULL,
  `alamat` text NOT NULL,
  `created_at` timestamp NOT NULL DEFAULT CURRENT_TIMESTAMP,
  `updated_at` timestamp NOT NULL DEFAULT CURRENT_TIMESTAMP ON UPDATE CURRENT_TIMESTAMP
) ENGINE=InnoDB DEFAULT CHARSET=latin1;

--
-- Dumping data untuk tabel `pengguna`
--

INSERT INTO `pengguna` (`id_pengguna`, `id_role`, `username`, `password`, `nama`, `email`, `tempat_lahir`, `tanggal_lahir`, `alamat`, `created_at`, `updated_at`) VALUES
(1, 2, 'jack', '827ccb0eea8a706c4c34a16891f84e7b', 'Jacka Sembunk', 'jack@gmail.com', 'Palmeiras', '2019-01-09', 'Jln. Jalan jauh-jau, no.01', '2019-01-19 12:47:36', '2019-01-19 12:47:36'),
(2, 1, 'azhry', '985fabf8f96dc1c4c306341031569937', 'Azhary Arliansyah', 'arliansyah_azhary@yahoo.com', 'Palembang', '1996-08-05', '', '2019-01-29 11:04:42', '2019-01-29 11:04:42'),
(3, 1, 'admin', '827ccb0eea8a706c4c34a16891f84e7b', 'Admin', 'admin@admin.com', 'admin', '2019-01-02', 'admin', '2019-01-29 13:51:48', '2019-01-29 13:51:48'),
(4, 2, 'kades', '827ccb0eea8a706c4c34a16891f84e7b', 'Kades', 'kades@kades.com', 'kades', '2019-01-01', 'kades', '2019-01-29 13:51:48', '2019-03-26 06:32:04');

-- --------------------------------------------------------

--
-- Struktur dari tabel `role`
--

CREATE TABLE `role` (
  `id_role` int(11) NOT NULL,
  `role` varchar(255) NOT NULL,
  `deskripsi` text NOT NULL,
  `created_at` timestamp NOT NULL DEFAULT CURRENT_TIMESTAMP,
  `updated_at` timestamp NOT NULL DEFAULT CURRENT_TIMESTAMP ON UPDATE CURRENT_TIMESTAMP
) ENGINE=InnoDB DEFAULT CHARSET=latin1;

--
-- Dumping data untuk tabel `role`
--

INSERT INTO `role` (`id_role`, `role`, `deskripsi`, `created_at`, `updated_at`) VALUES
(1, 'admin', 'ini  admin', '2019-01-19 12:45:42', '2019-01-19 12:45:42'),
(2, 'kades', 'ini kades', '2019-01-19 12:45:58', '2019-01-19 12:45:58');

-- --------------------------------------------------------

--
-- Struktur dari tabel `warga`
--

CREATE TABLE `warga` (
  `id` int(11) NOT NULL,
  `nama` varchar(255) NOT NULL,
  `pekerjaan` varchar(255) NOT NULL,
  `penghasilan` bigint(20) NOT NULL,
  `jumlah_tanggungan` int(11) NOT NULL,
  `kondisi_rumah` varchar(255) NOT NULL,
  `kepemilikan_rumah` varchar(255) NOT NULL,
  `jaringan_listrik` varchar(255) NOT NULL,
  `jenis_rumah` varchar(255) NOT NULL,
  `created_at` timestamp NOT NULL DEFAULT CURRENT_TIMESTAMP,
  `updated_at` timestamp NOT NULL DEFAULT CURRENT_TIMESTAMP ON UPDATE CURRENT_TIMESTAMP
) ENGINE=InnoDB DEFAULT CHARSET=latin1;

--
-- Dumping data untuk tabel `warga`
--

INSERT INTO `warga` (`id`, `nama`, `pekerjaan`, `penghasilan`, `jumlah_tanggungan`, `kondisi_rumah`, `kepemilikan_rumah`, `jaringan_listrik`, `jenis_rumah`, `created_at`, `updated_at`) VALUES
(2, 'Aspian ', 'Buruh', 800000, 3, 'Papan', 'Milik sendiri', 'Milik sendiri (subsidi)', 'Panggung', '2019-01-17 11:10:41', '2019-01-17 11:10:41'),
(3, 'Paizal aziz', 'Wirausaha', 1300000, 8, 'Beton', 'Milik sendiri', 'Milik sendiri ( tanpa subsidi)', 'Permanen', '2019-01-17 11:10:41', '2019-01-17 11:10:41'),
(4, 'Amir hamza', 'Wirausaha', 1400000, 3, 'Papan', 'Milik sendiri', 'Milik sendiri (tanpa subsidi)', 'Panggung', '2019-01-17 11:10:41', '2019-01-17 11:10:41'),
(5, 'Kunan', 'Petani', 1500000, 3, 'Papan', 'Milik sendiri', 'Milik sendiri (tanpa subsidi)', 'Panggung', '2019-01-17 11:10:41', '2019-01-17 11:10:41'),
(6, 'Samsir alam', 'Petani', 1700000, 6, 'Beton', 'Milik sendiri', 'Milik sendiri (tanpa subsidi)', 'Permanen', '2019-01-17 11:10:41', '2019-01-17 11:10:41'),
(7, 'Muhammad eban ', 'Buruh', 900000, 6, 'Bambu', 'Menumpang', 'Menumpang (subsidi)', 'Panggung', '2019-01-17 11:10:41', '2019-01-17 11:10:41'),
(8, 'Yunani', 'Buruh', 1200000, 2, 'Papan', 'Milik sendiri', 'Milik sendiri (tanpa subsidi)', 'Panggung', '2019-01-17 11:10:41', '2019-01-17 11:10:41'),
(9, 'Ahmad sobki', 'Petani', 750000, 6, 'Papan', 'Menumpang', 'Menumpang (tanpa subsidi)', 'Panggung', '2019-01-17 11:10:41', '2019-01-17 11:10:41'),
(10, 'Dede yusri', 'Wirausaha', 3000000, 6, 'Beton', 'Milik sendiri', 'Milik sendiri (tanpa subsidi)', 'Permanen', '2019-01-17 11:10:41', '2019-01-17 11:10:41'),
(11, 'Muhammad Suhai', 'Petani', 800000, 5, 'Papan', 'Menumpang', 'Menumpang  (tanpa subsidi)', 'Panggung', '2019-01-17 11:10:41', '2019-01-17 11:10:41'),
(12, 'Muhammad kumpi', 'Petani', 600000, 6, 'Papan', 'Milik sendiri', 'Milik sendiri (tanpa subsidi)', 'Panggung', '2019-01-17 11:10:41', '2019-01-17 11:10:41'),
(13, 'Hoiri mz', 'Buruh', 950000, 2, 'Beton', 'Menumpang', 'Menumpang (subsidi)', 'Semi permanen', '2019-01-17 11:10:41', '2019-01-17 11:10:41'),
(14, 'Mat bujangan', 'Wirausaha', 2000000, 4, 'Beton', 'Milik sendiri', 'Milik sendiri(tanpa subsidi)', 'Semi permanen', '2019-01-17 11:10:41', '2019-01-17 11:10:41'),
(15, 'Husin p', 'Buruh', 900000, 9, 'Bambu', 'Menumpang', 'Menumpang (tanpa subsidi)', 'Panggung', '2019-01-17 11:10:41', '2019-01-17 11:10:41'),
(16, 'Mat ripan s', 'Buruh', 800000, 8, 'Papan', 'Milik sendiri', 'Milik sendiri (tanpa subsidi)', 'Panggung', '2019-01-17 11:10:41', '2019-01-17 11:10:41'),
(17, 'Baharudin', 'Petani', 900000, 6, 'Papan', 'Menumpang', 'Menumpang (tanpa subsidi)', 'Panggung ', '2019-01-17 11:10:41', '2019-01-17 11:10:41'),
(18, 'Asbianto', 'Petani', 1300000, 5, 'Beton', 'Milik sendiri', 'Milik sendiri (subsidi)', 'Permanen', '2019-01-17 11:10:41', '2019-01-17 11:10:41'),
(19, 'Ahmad saihoni', 'Buruh', 950000, 8, 'Triplek', 'Mengontrak', 'Menumpang ( tanpa subsidi)', 'Panggung', '2019-01-17 11:10:41', '2019-01-17 11:10:41'),
(20, 'Amaludin', 'Petani', 1000000, 4, 'Papan', 'Milik sendiri', 'Milik sendiri (tanpa subsidi)', 'Panggung', '2019-01-17 11:10:41', '2019-01-17 11:10:41'),
(21, 'Nawaludin', 'Petani', 700000, 3, 'Papan', 'Milik sendiri', 'Milik sendiri (tanpa subsidi)', 'Panggung', '2019-01-17 11:10:41', '2019-01-17 11:10:41'),
(22, 'Ahmad nelni', 'Wirausaha', 2500000, 6, 'Papan', 'Milik sendiri', 'Milik sendiri (tanpa subsidi)', 'Panggung', '2019-01-17 11:10:41', '2019-01-17 11:10:41'),
(23, 'Bahroni', 'Buruh', 900000, 6, 'Bambu', 'Mengontrak', 'Menumpang(tanpa subsidi)', 'Panggung', '2019-01-17 11:10:41', '2019-01-17 11:10:41'),
(24, 'Mat suhai', 'Petani', 300000, 0, 'Bambu', 'Menumpang', 'Menumpang (tanpa subsidi)', 'Panggung', '2019-01-17 11:10:41', '2019-01-17 11:10:41'),
(25, 'Mad nali', 'Buruh', 900000, 7, 'Papan', 'Mengontrak', 'Menumpang (tanpa subsidi)', 'Panggung', '2019-01-17 11:10:41', '2019-01-17 11:10:41'),
(26, 'Ahmad rifani', 'Petani', 1600000, 3, 'Papan', 'Menumpang', 'Menumpang (tanpa subsidi)', 'Panggung', '2019-01-17 11:10:41', '2019-01-17 11:10:41'),
(27, 'Saironi', 'Buruh', 2000000, 5, 'Beton', 'Milik sendiri', 'Milik sendiri (tanpa subsidi)', 'Semi permanen', '2019-01-17 11:10:41', '2019-01-17 11:10:41'),
(28, 'Muhamad nasri', 'Petani', 800000, 4, 'Papan', 'Milik sendiri', 'Milik sendiri (tanpa subsidi)', 'Panggung', '2019-01-17 11:10:41', '2019-01-17 11:10:41'),
(29, 'Mursalin', 'Wirausaha', 2700000, 4, 'Beton', 'Milik sendiri', 'Milik sendiri (tanpa subsidi)', 'Permanen', '2019-01-17 11:10:41', '2019-01-17 11:10:41'),
(30, 'Ahmadin', 'Petani', 800000, 3, 'Beton', 'Milik sendiri', 'Milik sendiri (tanpa subsidi)', 'Permanen', '2019-01-17 11:10:41', '2019-01-17 11:10:41'),
(31, 'M jamil mk', 'Petani', 500000, 4, 'Papan', 'Milik sendiri', 'Milik sendiri (tanpa subsidi)', 'Panggung', '2019-01-17 11:10:41', '2019-01-17 11:10:41'),
(32, 'Rusmalina', 'Buruh', 700000, 5, 'Bambu', 'Menumpang', 'Menumpang(subsidi)', 'Panggung', '2019-01-17 11:10:41', '2019-01-17 11:10:41'),
(33, 'Sarmadi am', 'Wirausaha', 1000000, 7, 'Papan', 'Milik sendiri', 'Milik sendiri (tanpa subsidi)', 'Panggung', '2019-01-17 11:10:41', '2019-01-17 11:10:41'),
(34, 'Mad sete’i', 'Buruh', 1000000, 3, 'Beton', 'Milik sendiri', 'Milik sendiri (tanpa subsidi)', 'Permanen', '2019-01-17 11:10:41', '2019-01-17 11:10:41'),
(35, 'Surimna', 'Buruh', 400000, 2, 'Triplek', 'Mengontrak', 'Menumpang (tanpa subsidi)', 'Panggung', '2019-01-17 11:10:41', '2019-01-17 11:10:41'),
(36, 'Yudin', 'Buruh', 800000, 7, 'Papan', 'Menumpang', 'Menumpang (subsidi)', 'Panggung', '2019-01-17 11:10:41', '2019-01-17 11:10:41'),
(37, 'Siti noriyam', 'Buruh', 200000, 0, 'Bambu', 'Menumpang', 'Tidak ada', 'Panggung', '2019-01-17 11:10:41', '2019-01-17 11:10:41'),
(38, 'Hoirul', 'Petani', 900000, 4, 'Papan', 'Milik sendiri', 'Milik sendiri (subsidi)', 'Panggung', '2019-01-17 11:10:41', '2019-01-17 11:10:41'),
(39, 'Raga', 'Buruh', 500000, 2, 'Triplek', 'Mengontrak', 'Milik sendiri (tanpa subsidi)', 'Panggung', '2019-01-17 11:10:41', '2019-01-17 11:10:41'),
(40, 'Raisen', 'Buruh', 500000, 3, 'Papan', 'Milik sendiri', 'Milik sendiri (subsidi)', 'Panggung', '2019-01-17 11:10:41', '2019-01-17 11:10:41'),
(41, 'Amer', 'Buruh', 400000, 2, 'Papan', 'Milik sendiri', 'Milik sendiri (tanpa subsidi)', 'Permanen', '2019-01-17 11:10:41', '2019-01-17 11:10:41'),
(42, 'Azmar Ar', 'Buruh', 2000000, 2, 'Beton', 'Menumpang', 'Menumpang (tanpa subsidi)', 'Semi permanen', '2019-01-17 11:10:41', '2019-01-17 11:10:41'),
(43, 'Beben ta cesha ', 'Buruh', 700000, 2, 'Papan', 'Menumpang', 'Menumpang (tanpa subsidi)', 'Panggung', '2019-01-17 11:10:41', '2019-01-17 11:10:41'),
(44, 'Ayopin jansens', 'Buruh', 800000, 2, 'Papan', 'Menumpang', 'Menumpang (tanpa subsidi)', 'Panggung', '2019-01-17 11:10:41', '2019-01-17 11:10:41'),
(45, 'Taklano', 'Buruh', 500000, 1, 'Papan', 'Menumpang', 'Menumpang (tanpa subsidi)', 'Panggung', '2019-01-17 11:10:41', '2019-01-17 11:10:41'),
(46, 'Azhary Arliansyah', 'Programmer', 5000000, 0, 'Papan', 'Milik sendiri', 'Milik sendiri (tanpa subsidi)', 'Panggung', '2019-01-17 12:00:19', '2019-01-17 12:00:19'),
(47, 'Azhary Arliansyah', '16', 32, 36, '21', '42', '43', '46', '2019-01-29 13:48:08', '2019-01-29 13:48:08');

--
-- Indexes for dumped tables
--

--
-- Indexes for table `calon`
--
ALTER TABLE `calon`
  ADD PRIMARY KEY (`id_calon`);

--
-- Indexes for table `data_calon`
--
ALTER TABLE `data_calon`
  ADD PRIMARY KEY (`id_data_calon`),
  ADD KEY `id_calon` (`id_calon`),
  ADD KEY `id_kriteria` (`id_kriteria`),
  ADD KEY `id_faktor` (`id_faktor`);

--
-- Indexes for table `faktor`
--
ALTER TABLE `faktor`
  ADD PRIMARY KEY (`Id_faktor`),
  ADD KEY `id_kriteria` (`id_kriteria`);

--
-- Indexes for table `kriteria`
--
ALTER TABLE `kriteria`
  ADD PRIMARY KEY (`id_kriteria`),
  ADD UNIQUE KEY `nama_kriteria` (`nama_kriteria`);

--
-- Indexes for table `pengguna`
--
ALTER TABLE `pengguna`
  ADD PRIMARY KEY (`id_pengguna`),
  ADD KEY `id_role` (`id_role`);

--
-- Indexes for table `role`
--
ALTER TABLE `role`
  ADD PRIMARY KEY (`id_role`);

--
-- Indexes for table `warga`
--
ALTER TABLE `warga`
  ADD PRIMARY KEY (`id`);

--
-- AUTO_INCREMENT for dumped tables
--

--
-- AUTO_INCREMENT for table `calon`
--
ALTER TABLE `calon`
  MODIFY `id_calon` int(11) NOT NULL AUTO_INCREMENT, AUTO_INCREMENT=123;
--
-- AUTO_INCREMENT for table `data_calon`
--
ALTER TABLE `data_calon`
  MODIFY `id_data_calon` int(11) NOT NULL AUTO_INCREMENT, AUTO_INCREMENT=684;
--
-- AUTO_INCREMENT for table `faktor`
--
ALTER TABLE `faktor`
  MODIFY `Id_faktor` int(11) NOT NULL AUTO_INCREMENT, AUTO_INCREMENT=48;
--
-- AUTO_INCREMENT for table `kriteria`
--
ALTER TABLE `kriteria`
  MODIFY `id_kriteria` int(11) NOT NULL AUTO_INCREMENT, AUTO_INCREMENT=23;
--
-- AUTO_INCREMENT for table `pengguna`
--
ALTER TABLE `pengguna`
  MODIFY `id_pengguna` int(11) NOT NULL AUTO_INCREMENT, AUTO_INCREMENT=5;
--
-- AUTO_INCREMENT for table `role`
--
ALTER TABLE `role`
  MODIFY `id_role` int(11) NOT NULL AUTO_INCREMENT, AUTO_INCREMENT=3;
--
-- AUTO_INCREMENT for table `warga`
--
ALTER TABLE `warga`
  MODIFY `id` int(11) NOT NULL AUTO_INCREMENT, AUTO_INCREMENT=48;
--
-- Ketidakleluasaan untuk tabel pelimpahan (Dumped Tables)
--

--
-- Ketidakleluasaan untuk tabel `data_calon`
--
ALTER TABLE `data_calon`
  ADD CONSTRAINT `relasi_2` FOREIGN KEY (`id_kriteria`) REFERENCES `kriteria` (`id_kriteria`) ON DELETE CASCADE ON UPDATE CASCADE,
  ADD CONSTRAINT `relasi_3` FOREIGN KEY (`id_faktor`) REFERENCES `faktor` (`Id_faktor`) ON DELETE CASCADE ON UPDATE CASCADE,
  ADD CONSTRAINT `relasi_4` FOREIGN KEY (`id_calon`) REFERENCES `calon` (`id_calon`) ON DELETE CASCADE ON UPDATE CASCADE;

--
-- Ketidakleluasaan untuk tabel `faktor`
--
ALTER TABLE `faktor`
  ADD CONSTRAINT `relasi_1` FOREIGN KEY (`id_kriteria`) REFERENCES `kriteria` (`id_kriteria`) ON DELETE CASCADE ON UPDATE CASCADE;

--
-- Ketidakleluasaan untuk tabel `pengguna`
--
ALTER TABLE `pengguna`
  ADD CONSTRAINT `pengguna_ibfk_1` FOREIGN KEY (`id_role`) REFERENCES `role` (`id_role`) ON DELETE CASCADE ON UPDATE CASCADE;

/*!40101 SET CHARACTER_SET_CLIENT=@OLD_CHARACTER_SET_CLIENT */;
/*!40101 SET CHARACTER_SET_RESULTS=@OLD_CHARACTER_SET_RESULTS */;
/*!40101 SET COLLATION_CONNECTION=@OLD_COLLATION_CONNECTION */;
